,Words1,Meaning1,Frequency1,pos,Cumulative,headword
0,om-/ow-,'be',3122,verb,3122,ometv
1,mom-/mow-,'happen',475,verb,3597,mometv
384,nak/nake,'thing',301,noun,3898,nak
2,kic-,'tell',259,verb,4157,kicetv
3,mak-,'say',250,verb,4407,maketv
4,kerr-,'know/learn',241,verb,4648,kerretv
385,este,'person',235,noun,4883,este
5,vr-,'go about (sg.),199,verb,5082,vretv
386,em/en,'her/him',196,noun,5278,em
6,hiyom-/hiyow-,'happen',194,verb,5472,hiyometv
7,kom-/kow-,'think',189,verb,5661,kometv
387,cuko,'house/building',140,noun,5801,cuko
8,full-,'go about (pl.),134,verb,5935,fulletv
9,oc-,'have',132,verb,6067,ocetv
10,hay-,'make (sg.)',123,verb,6190,hayetv
12,ok-,'mean/say',116,verb,6306,oketv
11,hec-,'see',116,verb,6422,hecetv
13,mēc-,'do (it)',111,verb,6533,mēcetv
14,lik-,'sit',110,verb,6643,liketv
15,her-,'be good',107,verb,6750,heretv
16,vy-,'go',107,verb,6857,vyetv
388,vm/vn,'me',104,noun,6961,vm
389,pum/pun,'we',99,noun,7060,pum
17,onvy-,'tell',95,verb,7155,onvyetv
18,hak-,'make',92,verb,7247,haketv
19,opunvy-,'speak',87,verb,7334,opunvyetv
390,cem/cen,'you',87,noun,7421,cem
391,opunvkv,'language',82,noun,7503,opunvkv
20,tay-,'be able',82,verb,7585,tayetv
21,vnic-,'help',78,verb,7663,vnicetv
22,homp-,'eat',76,verb,7739,hompetv
23,vtotk-,'work',70,verb,7809,vtotketv
392,omvlkv,'all',65,noun,7874,omvlkv
393,*rke,'father',64,noun,7938,*rke
24,vpvk-,'be with',63,verb,8001,vpvketv
25,vcul-,'get old (man)',61,verb,8062,vculetv
394,mēkusvpkv,'prayer',58,noun,8120,mēkusvpkv
395,nettv,'day',56,noun,8176,nettv
26,poh-,'hear',53,verb,8229,pohetv
27,yac-,'want',52,verb,8281,yacetv
28,vpey-,'go (pl.)',49,verb,8330,vpeyetv
29,estom-/estow-,'do something',48,verb,8378,estometv
396,hopuetake,'children',46,noun,8424,hopuetake
32,wit-,'may',42,verb,8466,witetv
31,vlicēc-,'start',42,verb,8508,vlicēcetv
30,vpok-,'live (pl.)',42,verb,8550,vpoketv
397,osafke,'sofke',41,noun,8591,osafke
398,*cke,'mother',38,noun,8629,*cke
399,cokv,'book',37,noun,8666,cokv
400,*puse,'grandmother',36,noun,8702,*puse
33,wik-,'quit',34,verb,8736,wiketv
35,em-,'give',33,verb,8769,emetv
34,mvhay-,'teach',33,verb,8802,mvhayetv
401,ohrolopē,'year',32,noun,8834,ohrolopē
403,eto,'tree',31,noun,8865,eto
402,etvlwv,'town',31,noun,8896,etvlwv
36,yekc-,'be strong',30,verb,8926,yekcetv
404,hocefkv,'name',30,noun,8956,hocefkv
405,vne,'me',30,noun,8986,vne
37,vlvk-,'arrive here (sg.)',30,verb,9016,vlvketv
406,fvccv,'truth',28,noun,9044,fvccv
407,ofv,'inside',28,noun,9072,ofv
38,vkerric-,'think about',28,verb,9100,vkerricetv
39,huer-,'stand',28,verb,9128,hueretv
408,*na,'body',28,noun,9156,*na
410,sokhv,'pig',27,noun,9183,sokhv
40,hofon-,'be too long',27,verb,9210,hofonetv
409,mi,'there',27,noun,9237,mi
41,noric-,'cook',27,verb,9264,noricetv
412,vce,'corn',24,noun,9288,vce
411,kvpe,'soap',24,noun,9312,kvpe
42,cvfk-,'drip',23,verb,9335,cvfketv
413,uewv,'water',23,noun,9358,uewv
415,ēkvnv,'land',22,noun,9380,ēkvnv
414,hoktē,'woman',22,noun,9402,hoktē
45,vpvy-,'put with',21,verb,9423,vpvyetv
44,poy-,'finish',21,verb,9444,poyetv
43,mvnett-,'be young',21,verb,9465,mvnettetv
418,soletawv,'soldier',20,noun,9485,soletawv
417,*ckuce,'aunt (on mother's side)',20,noun,9505,*ckuce
416,estvlke,'people',20,noun,9525,estvlke
46,apohic-,'listen',20,verb,9545,apohicetv
47,hoyvn-,'pass by (sg),20,verb,9565,hoyvnetv
48,hoktvl-,'get old (woman)',20,verb,9585,hoktvletv
49,war-,'slice',20,verb,9605,waretv
50,lic-,'set (one)',20,verb,9625,licetv
51,pokkecc-,'play ball',20,verb,9645,pokkeccetv
421,mēkko,'chief',19,noun,9664,mēkko
420,vkerrickv,'thought',19,noun,9683,vkerrickv
419,mvhakv,'teaching',19,noun,9702,mvhakv
52,somk-,'get lost (sg)',19,verb,9721,somketv
53,wakk-,'lie down (sg)',19,verb,9740,wakketv
54,welvk-,'go about (dual)',19,verb,9759,welvketv
55,afvck-,'be happy',18,verb,9777,afvcketv
422,erkenvkv,'preacher',17,noun,9794,erkenvkv
423,*le,'legs',17,noun,9811,*le
424,cēme,'you',17,noun,9828,cēme
425,*kv,'head',17,noun,9845,*kv
426,hvpo,'camp',17,noun,9862,hvpo
427,tolose,'chicken',17,noun,9879,tolose
56,ror-,'arrive (sg)',17,verb,9896,roretv
58,or-,'reach',17,verb,9913,oretv
57,etohkvlk-,'meet',17,verb,9930,etohkvlketv
60,enheck-,'become an owner',16,verb,9946,enhecketv
59,hvlvt-,hold',16,verb,9962,hvlvtetv
428,toknawv,'money',16,noun,9978,toknawv
63,vw-,'come (pl.)',15,verb,9993,vwetv
429,esti,'who',15,noun,10008,esti
430,vpeswv,'meat',15,noun,10023,vpeswv
431,*rvhv,'older sister (same sex)',15,noun,10038,*rvhv
61,vrakkuec-,'honor',15,verb,10053,vrakkuecetv
62,vtot-,'send',15,verb,10068,vtotetv
65,yic-,'arrive (pl)',14,verb,10082,yicetv
64,vt-,'come (sg)',14,verb,10096,vtetv
433,hoktvke,'women',14,noun,10110,hoktvke
432,ēsso,'ash',14,noun,10124,ēsso
69,omēcic-,'make happen',13,verb,10137,omēcicetv
68,fēk-,'pay (something)',13,verb,10150,fēketv
67,vketēc-,'study',13,verb,10163,vketēcetv
66,cutk-,'be little',13,verb,10176,cutketv
434,heckv,'looker',13,noun,10189,heckv
436,*lope,'liver',12,noun,10201,*lope
437,totkv,'fire',12,noun,10213,totkv
435,fettv,'outside',12,noun,10225,fettv
438,semvnole,'Seminole',12,noun,10237,semvnole
440,tvlofv,'town',12,noun,10249,tvlofv
439,wvcenv,'white person',12,noun,10261,wvcenv
76,nes-,'buy',12,verb,10273,nesetv
77,es-,'take (sg)',12,verb,10285,esetv
72,hopoy-,'look for',12,verb,10297,hopoyetv
73,cvw-,'take (pl)',12,verb,10309,cvwetv
74,heck-,'be born',12,verb,10321,hecketv
75,akcvn-,'pour (one) into',12,verb,10333,akcvnetv
71,vhay-,draw (something)',12,verb,10345,vhayetv
70,opunvyēc-,'talk about',12,verb,10357,opunvyēcetv
445,vculvke,'elders',11,noun,10368,vculvke
84,hocef-,'name',11,verb,10379,hocefetv
83,ehos-,'forget',11,verb,10390,ehosetv
82,ehvn-,'scold',11,verb,10401,ehvnetv
81,nvfk-,'hit',11,verb,10412,nvfketv
80,hvlw-,'go up (as of a ball)',11,verb,10423,hvlwetv
79,cukoperic-,'visit',11,verb,10434,cukopericetv
78,cēy-,'enter (one)',11,verb,10445,cēyetv
444,vkērkv,'any measure',11,noun,10456,vkērkv
446,hayv,'maker',11,noun,10467,hayv
442,*pvwv,'uncle (mother's side)',11,noun,10478,*pvwv
441,mvnettvlke,'young people',11,noun,10489,mvnettvlke
443,hvse,'sun/month',11,noun,10500,hvse
449,estuce,'baby',10,noun,10510,estuce
88,vteh-,'put (2 or more) in a container',10,verb,10520,vtehetv
447,*puca,'grandfather',10,noun,10530,*puca
448,pokko,'ball',10,noun,10540,pokko
87,elēc-,'kill (sg)',10,verb,10550,elēcetv
450,hvrpe,'skin',10,noun,10560,hvrpe
451,vculkv,'age (of a person)',10,noun,10570,vculkv
452,perro,'boat',10,noun,10580,perro
453,*nute,'tooth',10,noun,10590,*nute
89,pok-,'complete',10,verb,10600,poketv
86,fay-,'hunt',10,verb,10610,fayetv
90,hahic-,'make (pl)',10,verb,10620,hahicetv
91,oric-,'be enough',10,verb,10630,oricetv
85,vpelic-,'make laugh',10,verb,10640,vpelicetv
92,vseh-,'give a warning',9,verb,10649,vsehetv
93,hvsvtec-,'clean (sg)',9,verb,10658,hvsvtecetv
94,vtehk-,'get insde a container (pl)',9,verb,10667,vtehketv
95,mork-,'boil',9,verb,10676,morketv
96,ropott-,'go through',9,verb,10685,ropottetv
459,tvmkv,'flyer',9,noun,10694,tvmkv
460,enhvteceskv,'the first of',9,noun,10703,enhvteceskv
454,semvnolvlke,'Seminoles',9,noun,10712,semvnolvlke
455,hakv,'maker',9,noun,10721,hakv
456,pvrko,'grapes',9,noun,10730,pvrko
457,maskoke,'Muscogee',9,noun,10739,maskoke
458,estemerkv,'suffering',9,noun,10748,estemerkv
97,huehk-,'call out',9,verb,10757,huehketv
467,ēme,'she/he',8,noun,10765,ēme
468,heleswv,'medicine',8,noun,10773,heleswv
469,lucv,'turtle',8,noun,10781,lucv
470,pome,'we',8,noun,10789,pome
98,lopic-,'be kind',8,verb,10797,lopicetv
99,fekhonn-,'stop',8,verb,10805,fekhonnetv
109,warwic-,'cut into several pieces',8,verb,10813,warwicetv
461,hesaketvmesē,'God',8,noun,10821,hesaketvmesē
462,accvkē,'clothes',8,noun,10829,accvkē
463,eccv,'gun',8,noun,10837,eccv
464,lvstvlke,'black people',8,noun,10845,lvstvlke
465,wakv,'cow',8,noun,10853,wakv
466,vpohkv,'question',8,noun,10861,vpohkv
100,vpoh-,'ask',8,verb,10869,vpohetv
101,svpakl-,'stand (pl)',8,verb,10877,svpakletv
108,enokk-,'be sick',8,verb,10885,enokketv
107,vcvn-,'pour into (sg)',8,verb,10893,vcvnetv
103,okkos-,'wash',8,verb,10901,okkosetv
104,noc-,'sleep (sg.)',8,verb,10909,nocetv
105,nor-,'be cooked',8,verb,10917,noretv
106,akkopvn-,'play',8,verb,10925,akkopvnetv
102,vfvst-,'take care of',8,verb,10933,vfvstetv
116,esk-,'drink',7,verb,10940,esketv
111,ēyask-,'be humble',7,verb,10947,ēyasketv
475,pvlaknv,'plate',7,noun,10954,pvlaknv
